"id","source_type","platform","date_observed_or_published","url","account_type","llm_or_ai_tool","health_domain","use_case","valence","outcome_claim","evidentiary_notes","initial_codes","inclusion_status"
"LHA-001","public post","Reddit r/ChatGPT","2023-05-23","https://www.reddit.com/r/ChatGPT/comments/13pfkcv/chatgpt_saved_my_life/","first-person patient","ChatGPT-4 with browsing, per post","acute physical health","Symptom triage after post-exercise soreness and dark urine","helpful","User says ChatGPT raised rhabdomyolysis as a possibility; ER testing reportedly found very high CK and hospitalization followed.","Contains concrete symptoms, clinical setting, lab value claim, and care-seeking behavior. Needs archival capture and direct quote minimization.","triage; emergency referral; rhabdomyolysis; patient self-advocacy","include"
"LHA-002","news report","NPR / WFDD syndication","2026-01-30","https://www.wfdd.org/national/2026-01-30/chatgpt-saved-my-life-how-patients-and-doctors-are-using-ai-to-make-a-diagnosis","reported first-person patient anecdote","ChatGPT","acute physical health","Triage for unexplained red spots and possible bleeding risk","helpful","Bethany Crystal reportedly sought urgent evaluation after ChatGPT flagged bleeding risk; she was diagnosed with immune thrombocytopenic purpura.","Reported through journalism; useful as named case but not raw user-generated data. Treat as media-mediated anecdote.","triage; rare diagnosis; bleeding risk; media case","include"
"LHA-003","news report","Wired","2025-07-10","https://www.wired.com/story/dr-chatgpt-will-see-you-now-artificial-intelligence-llms-openai-health-diagnoses","reported Reddit anecdote","ChatGPT","chronic pain / musculoskeletal","Jaw clicking and pain after boxing injury","helpful","Wired reports a Reddit user said a tongue-placement/jaw alignment technique suggested by ChatGPT stopped a five-year clicking-jaw problem.","Secondary report; original Reddit post should be located before treating as primary data.","chronic pain; self-treatment; musculoskeletal; secondary report","candidate"
"LHA-004","news report / podcast-mediated case","Wired","2025-07-10","https://www.wired.com/story/dr-chatgpt-will-see-you-now-artificial-intelligence-llms-openai-health-diagnoses","parent caregiver account","ChatGPT","rare pediatric neurological condition","Synthesizing symptoms, scans, and notes after many doctor visits","helpful","Courtney Hofmann reportedly used ChatGPT to identify tethered cord syndrome in her son; a neurosurgeon later confirmed and surgery followed.","Named caregiver case; frequently repeated in media. Need primary podcast transcript or interview as best source.","rare disease; caregiver; diagnostic odyssey; care navigation","include"
"LHA-005","news report","People","2026-04-18","https://people.com/woman-self-diagnosed-her-rare-condition-using-chatgpt-after-years-of-being-misdiagnosed-by-doctors-11949121","reported first-person patient anecdote","ChatGPT","rare neurological / genetic condition","Self-advocacy after years of seizures and mobility symptoms","helpful","Phoebe Tesoriere reportedly brought ChatGPT's suggestion of hereditary spastic paraplegia to clinicians; genetic testing confirmed it.","Strong media case with named patient and confirmatory testing, though still not independent clinical verification by us.","rare disease; misdiagnosis; self-advocacy; genetic testing","include"
"LHA-006","personal essay","Medium","2025-06-26","https://medium.com/%40alissaandrade/chatgpt-knew-what-my-doctors-didnt-my-journey-with-sibo-ba69bf705f41","first-person patient","ChatGPT","gastrointestinal / chronic symptoms","Generating a possible SIBO explanation and recovery plan after inconclusive care","helpful","Author says ChatGPT suggested SIBO and low-FODMAP strategies; she reports improved pain, sleep, and bowel regularity.","Rich narrative but clinical diagnosis appears self-assessed rather than confirmed. Code separately from confirmed diagnosis cases.","chronic symptoms; GI; diet change; self-management; unconfirmed diagnosis","include_with_caution"
"LHA-007","public post","Reddit r/ChatGPT","2024-02-07","https://www.reddit.com/r/ChatGPT/comments/1ales5b","first-person patient","ChatGPT-4","gastrointestinal / post-surgical chronic condition","Food-trigger pattern analysis after ileum and cecal valve removal","helpful","User says ChatGPT linked trigger foods to oxalates and enteric hyperoxaluria; diet adjustment reportedly reduced illness episodes.","Highly relevant to pattern recognition and post-surgical self-management. Needs clinical confirmation status coded as unknown unless comments clarify.","pattern recognition; chronic illness; nutrition; enteric hyperoxaluria","include"
"LHA-008","public post","Reddit r/ChatGPT","2025-04-28","https://www.reddit.com/r/ChatGPT/comments/1k9l99m/uploaded_last_10_years_of_medical_lab_results_to/","first-person patient","GPT-4o","cardiometabolic / lab interpretation","Uploading years of labs, EKGs, sleep study data, and Apple Health/MyChart export","helpful","User says ChatGPT suggested checking homocysteine; lab result reportedly came back very elevated and may relate to high blood pressure and depression.","Contains concrete data workflow and lab claim. Need avoid endorsing causal interpretation.","lab interpretation; longitudinal records; cardiometabolic risk; patient-generated dataset","include"
"LHA-009","public post","Reddit r/ChatGPT","2026-04-10","https://www.reddit.com/r/ChatGPT/comments/1si0xmr/asked_ai_to_help_me_understand_my_diagnosis_it/","first-person patient","unspecified AI / ChatGPT implied","health communication","Explaining a diagnosis after a short doctor's appointment","helpful","User says AI patiently answered many follow-up questions and improved understanding of their diagnosis.","Useful for communication and health literacy rather than diagnosis. Low clinical specificity.","health literacy; explanation; between-visit support; patient questions","include"
"LHA-010","public comment thread","Reddit r/ChatGPT","2026-04-10","https://www.reddit.com/r/ChatGPT/comments/1si0xmr/asked_ai_to_help_me_understand_my_diagnosis_it/","caregiver / partner comment","ChatGPT","oncology support","Understanding labs, pathology, side effects, and chemo patterns","helpful","Commenter says ChatGPT helped them understand cancer labs/pathology, prepare questions, track chemo side effects, and decide when to contact oncology.","Currently only thread-level URL. Need direct comment permalink before formal analysis.","oncology; caregiver; lab explanation; symptom tracking; question preparation","candidate"
"LHA-011","public post","Reddit r/ChatGPT","2023-01-07","https://www.reddit.com/r/ChatGPT/comments/105qzsa","first-person user","ChatGPT","mental health / emotional support","Venting, reframing, and receiving nonjudgmental responses","helpful","User says ChatGPT eased their mind and helped them see problems differently; commenters report similar support, including after a suicide hotline disappointment.","Early LLM mental health anecdote. Must handle crisis-related material sensitively and paraphrase.","mental health; emotional support; nonjudgmental space; crisis-adjacent","include_with_caution"
"LHA-012","public post","Reddit r/ChatGPT","2025-04-17","https://www.reddit.com/r/ChatGPT/comments/1k1dxpp/chatgpt_has_helped_me_more_than_15_years_of/","first-person patient","ChatGPT","mental health plus chronic pain and weight management","Daily therapeutic conversation, pain hypothesis, exercise organization, meal planning","helpful","User reports major mental health benefit, a sacroiliitis hypothesis after years of pain, physical therapy planning, and substantial weight loss.","Very rich multi-domain account. High risk of overclaiming; code as perceived benefit unless clinical confirmation is documented.","mental health; chronic pain; diet; therapy alternative; patient agency","include"
"LHA-013","public post","Reddit r/ChatGPT","2024-06-07","https://www.reddit.com/r/ChatGPT/comments/1d9yn82","first-person patient","ChatGPT","mental health / self-understanding","Identifying attachment-theory framing after years of therapy","helpful","User says ChatGPT identified dismissive avoidant attachment and helped explain longstanding interpersonal patterns.","Not a clinical diagnosis; code as interpretive framework / self-understanding.","mental health; self-concept; psychoeducation; therapy adjunct","include"
"LHA-014","public post","Reddit r/ChatGPT","2025-12-17","https://www.reddit.com/r/ChatGPT/comments/1pooz2c/chat_gpt_made_my_mental_health_issues_worse/","first-person patient","ChatGPT, Gemini, DeepSeek","mental health","Using ChatGPT as a counselor during interpersonal distress","harmful_or_unhelpful","User says ChatGPT worsened spiraling, highlighted others' behavior in ways that intensified distress, and generated messages that could be misinterpreted.","Important negative case. Needs capture of exact model/version uncertainty and comparison with other chatbots.","mental health harm; rumination; communication advice; model comparison","include"
"LHA-015","news feature","Teen Vogue","2025-07-ish","https://www.teenvogue.com/story/how-ai-chatbots-could-be-making-your-ocd-worse","reported first-person patient anecdotes","ChatGPT / AI chatbots","mental health / OCD and anxiety","Repeated reassurance-seeking through chatbot conversations","harmful_or_unhelpful","Article reports individuals with OCD/anxiety using chatbots for many hours seeking reassurance; experts warn this can reinforce compulsions.","Media-mediated but directly relevant to mechanism of harm. Need exact publication date and named-participant consent context.","OCD; reassurance seeking; dependency; anxiety reinforcement","include"
"LHA-016","news report","Wall Street Journal","2025-07-ish","https://www.wsj.com/tech/ai/chatgpt-chatbot-psychology-manic-episodes-57452d14","reported patient/family anecdote","ChatGPT","mental health / mania or delusion risk","Seeking feedback and companionship during escalating beliefs","harmful_or_unhelpful","WSJ reports Jacob Irwin experienced manic episodes after ChatGPT repeatedly validated a grandiose theory; hospitalization followed.","Paywalled source; use only with accessible summaries or obtain article through library. Important but sensitive.","sycophancy; mania; delusion; hospitalization; over-validation","candidate"
"LHA-017","public post","Reddit r/ChatGPT","2025-07-14","https://www.reddit.com/r/ChatGPT/comments/1lzy17b","caregiver / spouse first-person","ChatGPT vision / photo input","dermatology / infectious disease","Rash photo assessment","harmful_or_unhelpful","User says ChatGPT labeled a rash as ringworm; physician later said it was textbook shingles, creating concern about delayed antiviral treatment windows.","Strong failure case with actionable clinical stakes. Good contrast with shingles success cases.","image input; dermatology; misdiagnosis; shingles; delayed care risk","include"
"LHA-018","public post","Reddit r/daddit","2025-12-18","https://www.reddit.com/r/daddit/comments/1ppn25j/dont_use_chatgpt_for_health_questions/","parent / caregiver first-person","ChatGPT","pediatric and personal health","General health advice, infant health, medication/nutrition questions","harmful_or_unhelpful","User reports seeing dangerous or contradictory advice, including around toddler breathing difficulty, formula nutrition, steroids, and antibiotics.","Broad warning rather than single verified case; useful as perception-of-risk data.","pediatrics; medication advice; unsafe reassurance; contradiction; caregiver risk","include_with_caution"
"LHA-019","peer-reviewed case report / news summary","Annals of Internal Medicine Clinical Cases via Live Science","2025-08","https://www.livescience.com/health/food-diet/man-sought-diet-advice-from-chatgpt-and-ended-up-with-bromide-intoxication","reported patient case","ChatGPT","nutrition / toxicology / psychiatry","Seeking dietary substitution advice related to salt/chloride","harmful","A 60-year-old man reportedly developed bromism after replacing table salt with sodium bromide following ChatGPT-related information; hospitalization and psychiatric symptoms followed.","Best treated as clinical case report, not online anecdote. Use original DOI when accessible: 10.7326/aimcc.2024.1260.","toxicology; diet advice; hallucination/decontextualization; hospitalization","include"
"LHA-020","public post","Reddit r/ChatGPT","2026-03-30","https://www.reddit.com/r/ChatGPT/comments/1s7cq27/chatgpt_helped_me_losing_weight_and_now_im_off_my/","first-person patient","ChatGPT","weight loss / cardiometabolic health","Calorie deficit planning, accountability, and exercise guidance","helpful","User reports losing 12 kg, normalizing blood pressure, improving LDL, and stopping blood pressure medication.","Outcome claims are self-reported; useful for lifestyle coaching and accountability pattern.","weight loss; blood pressure; LDL; accountability; diet planning","include"
"LHA-021","public post","Reddit r/ChatGPT","2026-04-28","https://www.reddit.com/r/ChatGPT/comments/1sy14l4/i_lost_10kg_in_6_months_by_logging_every_meal_to/","first-person user","ChatGPT","weight loss / behavior change","Plain-language meal logging and calorie estimation","helpful","User says logging meals to ChatGPT helped them lose 10 kg over six months because it felt easier than database-based food logging.","Posted on current date; needs follow-up capture before comments evolve. Relevant to usability rather than clinical diagnosis.","meal logging; friction reduction; weight loss; behavior tracking","include"
"LHA-022","public post","Reddit r/ChatGPT","2025-09-25","https://www.reddit.com/r/ChatGPT/comments/1nqboo1/how_chatgpt_helped_me_quit_weed_and_understand/","first-person user","ChatGPT","addiction / substance use","Craving support, withdrawal explanation, and meaning-making","helpful","User reports quitting daily cannabis use after 17 years and being nine weeks clean, using ChatGPT as 24/7 support and reflection.","Very relevant for availability and addiction-support themes. Requires care not to imply treatment efficacy.","addiction; withdrawal; craving support; reflection; 24/7 availability","include"
"LHA-023","public post","Reddit r/leaves","2025-05-28","https://www.reddit.com/r/leaves/comments/1kxmznz/chatgpt_helped_me_quit_smoking_weed/","first-person user","ChatGPT","addiction / cannabis use","Motivation and accountability for quitting weed","helpful","User reports 22 days sober after long-term daily use and says ChatGPT helped motivate them.","Shorter than LHA-022 but useful for comparison in a recovery-specific community.","addiction; cannabis; motivation; accountability","include"
"LHA-024","public post","Reddit r/OpenAI","2025-07-13","https://www.reddit.com/r/OpenAI/comments/1lytfiw/after_11_years_chatgpt_helped_me_solve_chronic/","first-person patient","ChatGPT","chronic fatigue/pain / sleep-related symptoms","Connecting sleep pattern, recovery symptoms, and vitamin D labs","helpful","User says ChatGPT connected low vitamin D with long-standing morning symptoms after many tests had been unrevealing.","Clinical causality uncertain. Code as pattern-generation and hypothesis formation.","chronic symptoms; sleep; vitamin D; hypothesis generation","include_with_caution"
"LHA-025","public post","Reddit r/ChatGPT","2025-10-24","https://www.reddit.com/r/ChatGPT/comments/1oesnix/chatgpt_diagnosed_me_after_20_years/","first-person patient","ChatGPT","chronic undiagnosed condition","Ranked differential list and low-risk medication trial discussion with doctor","helpful","User says ChatGPT produced a ranked list of possible causes and tests; the third hypothesis led to a medication trial that resolved symptoms.","Condition not named in snippet. Need full post capture before coding clinical domain.","diagnostic odyssey; ranked differential; doctor collaboration; medication trial","include"
"LHA-026","public thread comment","Reddit r/ChatGPT","2025-10-16","https://www.reddit.com/r/ChatGPT/comments/1o87wsf/my_doctor_used_chatgpt_in_front_of_me/","first-person patient comment","ChatGPT","complex neurological symptoms","Synthesizing lab work, imaging reports, images, and a four-year symptom log","helpful","Commenter says ChatGPT helped identify patterns across phases of symptoms after multiple neurologists and specialists in several states could not resolve the case.","Thread-level source only; direct comment permalink needed. Rich diagnostic-odyssey pattern.","neurology; longitudinal logs; multispecialty failure; pattern synthesis","candidate"
"LHA-027","public post","Reddit r/ChatGPT","2025-ish","https://www.reddit.com/r/ChatGPT/comments/1kdjuxq","first-person patient","ChatGPT","gynecological / hormonal symptoms","Diet and supplement plan for prolonged bleeding after years of tests","helpful","User says ChatGPT used bloodwork and ultrasound context to suggest diet/supplement monitoring; bleeding reportedly stopped by day nine.","High-risk clinical domain; needs exact date, full text, and caution about self-treatment.","hormonal health; diet plan; symptom monitoring; self-treatment risk","include_with_caution"
"LHA-028","public post","Reddit r/ChatGPT","2025-12-18","https://www.reddit.com/r/ChatGPT/comments/1ppflew/i_didnt_totally_trust_chatgpt_for_medical_advice/","first-person patient","ChatGPT","dermatology / infectious disease / ophthalmic risk","Question-led symptom triage for facial pain/rash","helpful","User says ChatGPT considered shingles and urged a doctor visit; physician confirmed shingles and treated urgently due to risk to sight.","Useful pair with LHA-017: same broad condition, opposite model outcome.","triage; shingles; urgent care; question asking; risk stratification","include"
"LHA-029","public thread comment","Reddit r/ChatGPT","2026-04-18","https://www.reddit.com/r/ChatGPT/comments/1sp0lv3/woman_23_selfdiagnosed_her_rare_genetic_disorder/","first-person patient comment","ChatGPT","metabolic / psychiatric misdiagnosis / pharmacogenomics","Using GPT plus genome and supplement research after long diagnostic odyssey","helpful","Commenter describes rare iron transport issues, long-term PPI overprescription, mineral deficiencies, liver disease, psych labels, and later specialist confirmation.","Extremely rich but very complex and only a comment-level anecdote. Needs direct permalink and careful de-identification.","polypharmacy; malabsorption; pharmacogenomics; psychiatric misdiagnosis; self-research","candidate"
"LHA-030","public thread comment","Reddit r/ChatGPT","2026-04-18","https://www.reddit.com/r/ChatGPT/comments/1sp0lv3/woman_23_selfdiagnosed_her_rare_genetic_disorder/","first-person patient comment","ChatGPT","vascular / emergency medicine","Reassessing leg swelling, cough, and shortness of breath after ER cellulitis diagnosis","helpful","Commenter says ChatGPT suggested DVT and possible pulmonary embolism; they report having DVT and PE.","High acuity case; direct permalink and full context needed before inclusion.","DVT; pulmonary embolism; emergency triage; second opinion","candidate"
"LHA-031","patient forum","Mayo Clinic Connect","2025-04-29","https://connect.mayoclinic.org/discussion/is-anyone-else-using-ai-like-chatgpt/","first-person patient","AI / ChatGPT implied","oncology / prostate cancer","Reviewing blood work, diet planning, oncology follow-up questions, and considering alternative courses of action","helpful","User reports using AI for over a year to review blood work, plan diet, prepare oncologist questions, and think through options.","Good non-viral example of routine oncology self-management. Forum context includes privacy and accuracy cautions from peers.","oncology; labs; diet; question preparation; patient forum","include"
"LHA-032","patient forum","Mayo Clinic Connect","2025-04-29","https://connect.mayoclinic.org/discussion/is-anyone-else-using-ai-like-chatgpt/","first-person patient","ChatGPT, Gemini, Perplexity","oncology / prostate cancer","Summarizing biopsy, surgical, and pathology reports","helpful","User reports pasting biopsy, surgical, and prostate pathology reports into chatbots to summarize and ask follow-up questions.","Strong health-literacy example; explicitly compares tools and notes model performance changes over time.","oncology; pathology report; summarization; health literacy; model comparison","include"
"LHA-033","personal essay","Personal blog","2025-05-27","https://markallen.io/chatgpt-colon-cancer/","first-person patient","ChatGPT, Elicit, NotebookLM","oncology / colon cancer / rehabilitation","Preparing questions, interpreting pathology, processing diagnosis, and planning post-surgical rehab","helpful","Author describes ChatGPT as helping with anemia hypothesis, medical translation, emotional processing, appointment prep, and personalized rehab after colon cancer surgery.","Very rich first-person longitudinal case with explicit limits and verification norms. Useful anchor case for patient-as-project-manager theme.","oncology; medical translation; rehab; appointment prep; emotional support; longitudinal memory","include"
"LHA-034","news report","AACR Cancer Today blog","2026-03-31","https://www.aacr.org/blog/2026/03/31/cancer-todays-spring-2026-issue-using-ai-chatbots-to-help-inform-care-decisions-when-to-monitor-a-slow-growing-cancer-and-more/","reported first-person patient anecdote","ChatGPT","oncology / breast cancer","Uploading a pathology report to understand jargon and prepare questions","helpful","Carolina Millon reportedly uploaded breast biopsy results to ChatGPT, gained understanding, and brought questions to her next appointment.","Media-mediated but high-quality cancer-source context. Useful as concise example of bridge-to-care framing.","oncology; pathology report; question preparation; breast cancer; media case","include"
"LHA-035","patient forum","Mayo Clinic Connect","2025-11-02","https://connect.mayoclinic.org/discussion/try-chatgpt-with-questions/","caregiver / spouse","ChatGPT","oncology / multiple myeloma","Asking about expected duration of a complex treatment regimen","mixed_helpful_with_uncertainty","Caregiver says ChatGPT gave interesting information about how long spouse might remain on Darzalex Faspro, Kyprolis, and dexamethasone, while forum staff caution about fact-checking.","Good case for treatment-information seeking, not outcome improvement. Complex medication domain increases risk.","oncology; treatment duration; caregiver; medication regimen; uncertainty","include_with_caution"
"LHA-036","patient forum","Mayo Clinic Connect","2025-11-03","https://connect.mayoclinic.org/discussion/try-chatgpt-with-questions/","first-person patient","ChatGPT","complex diagnosis / multi-specialist care","Integrating specialist input and generating questions across silos","helpful","User says ChatGPT helps verify and explain test results and inputs from oncologist, pulmonologist, otolaryngologist, immunologist, and others; they call it invaluable for understanding and appointment questions.","Excellent everyday-use case for fragmentation and cross-specialty synthesis.","complex diagnosis; specialist silos; test results; question preparation; care coordination","include"
"LHA-037","patient forum","Mayo Clinic Connect","2026-03-25","https://connect.mayoclinic.org/discussion/using-ai-to-review-test-results/","first-person patient","Google Gemini","cardiology / aortic aneurysm / valve disease","Reviewing gated CT and echocardiogram reports before surgeon follow-up","helpful","User reports uploading CT and echo information to Gemini, which highlighted a possible root aneurysm and valve leaflet issue, and suggested questions for cardiology/surgery follow-up.","Not strictly ChatGPT but within LLM/chatbot scope if we include Gemini. Strong example of appointment preparation and report interpretation.","cardiology; imaging report; question preparation; Gemini; patient portal","include"
"LHA-038","patient forum","Mayo Clinic Connect","2026-03-12","https://connect.mayoclinic.org/discussion/sick-niece-goes-undiagnosed/","caregiver / family","AI unspecified","pediatrics / undiagnosed illness","Inputting reports and research for a sick child with delayed referrals","unhelpful_or_insufficient","Family member says they combed every report, input everything through AI, researched independently, and still faced stalled referrals and advocacy loops.","Important non-success case: AI use does not overcome system bottlenecks. Pediatric vulnerability requires careful handling.","pediatrics; diagnostic odyssey; care access; system failure; caregiver","include"
"LHA-039","public post","Reddit r/ChatGPT","2026-02-11","https://www.reddit.com/r/ChatGPT/comments/1r2arl6/gpt_is_goated_as_a_doctor/","family member / informal helper","ChatGPT","labs / gastroenterology / liver / tumor anxiety","Analyzing multiple relatives' lab reports and suggested follow-up testing","helpful","Poster claims ChatGPT matched later clinician workups for Crohn's disease, fatty liver, and a benign tumor-like mass, and reduced family anxiety.","Highly enthusiastic, low verification, and uses overconfident wording. Useful for perceived diagnostic authority and trust formation.","lab interpretation; family caregiver; overconfidence; anxiety reduction; Crohn's; fatty liver","include_with_caution"
"LHA-040","patient forum","Mayo Clinic Connect","2025-07-15","https://connect.mayoclinic.org/discussion/low-cell-count/","peer advisor / forum participant","ChatGPT / other AI service","blood counts / patient education","Suggesting another patient paste their question into ChatGPT for personalized questions to ask a doctor","mixed_helpful_with_uncertainty","Forum user suggests using ChatGPT for personalized answers and questions to ask clinicians, while noting that AI information should be confirmed by a medical professional.","Not a self-outcome story but shows diffusion of AI advice norms inside patient communities.","peer advice; patient forum; lab results; question generation; verification norm","candidate"
"LHA-041","public thread comment","Reddit r/ChatGPT","2025-10-23","https://www.reddit.com/r/ChatGPT/comments/1odxuy6/chatgpt_saved_my_moms_life/","first-person patient comment","ChatGPT","infectious disease / sepsis","Escalating flu-like symptoms after cyst drainage","helpful","Commenter says spouse entered symptoms into ChatGPT after a cyst drainage visit; model urged hospital evaluation and the commenter was admitted for sepsis for three days.","Direct comment permalink needed. High-acuity triage case with clinician encounter earlier same day.","sepsis; urgent triage; infected cyst; spouse; hospitalization","candidate"
"LHA-042","public thread comment","Reddit r/ChatGPT","2025-10-23","https://www.reddit.com/r/ChatGPT/comments/1odxuy6/chatgpt_saved_my_moms_life/","first-person patient comment","ChatGPT","gynecology / hematology / anemia","Prompting second opinions after heavy periods were dismissed","helpful","Commenter says ChatGPT suggested second opinions after OBGYNs normalized heavy periods; they report severe anemia and PCOS.","Needs direct permalink and whether ChatGPT affected diagnosis/treatment timeline. Important dismissal/self-advocacy example.","heavy periods; anemia; PCOS; second opinion; gendered dismissal","candidate"
"LHA-043","public thread comment","Reddit r/ChatGPT","2025-10-23","https://www.reddit.com/r/ChatGPT/comments/1odxuy6/chatgpt_saved_my_moms_life/","family caregiver comment","ChatGPT","ICU / sepsis / postoperative complications","Explaining ICU medications, monitors, and questions after mother's sepsis","helpful","Commenter says ChatGPT acted like a nursing assistant while their mother was in ICU after sepsis from back surgeries, explaining monitors/medications and suggesting nurse questions.","Strong health-literacy/caregiver case. Direct comment permalink needed.","ICU; caregiver; sepsis; medication explanation; monitor explanation; question preparation","candidate"
"LHA-044","public post","Reddit r/ChatGPT","2026-02-18","https://www.reddit.com/r/ChatGPT/comments/1r85yl3/chatgpt_52_wouldnt_save_my_life_like_it_did_in/","first-person patient","ChatGPT","sepsis complication / cardiopulmonary monitoring","Advocating for telemetry and stopping IV fluids during septic kidney stone complications","helpful","User says an earlier ChatGPT interaction helped them identify danger from fluid around heart/lungs, refuse IV fluids, and demand telemetry monitoring during septic kidney stone hospitalization.","Complex and high risk; claims need careful paraphrase and no clinical endorsement. Useful for patient-advocacy theme.","septic kidney stone; telemetry; IV fluids; hospital advocacy; cardiopulmonary risk","include_with_caution"
"LHA-045","public post","Reddit r/ChatGPT","2025-04-23","https://www.reddit.com/r/ChatGPT/comments/1k5ixgq/chatgpt_diagnosed_my_illness_before_any_doctor/","first-person patient","ChatGPT","vascular / pulmonary embolism","Retrospective comparison of initial symptoms with ChatGPT output after missed PE","helpful","User reports being repeatedly sent home before D-dimer and CT showed pulmonary emboli, lung infarction, and acute heart failure; when later given the original symptom set, ChatGPT suggested PE.","Retrospective rather than real-time use; still useful for perceived missed-triage contrast.","pulmonary embolism; retrospective diagnosis; missed diagnosis; emergency care","include_with_caution"
"LHA-046","public thread comment","Reddit r/ChatGPT","2025-10-24","https://www.reddit.com/r/ChatGPT/comments/1oesnix/chatgpt_diagnosed_me_after_20_years/","first-person patient comment","ChatGPT","genetic disorder / diagnostic delay","Suggesting a rare genetic disorder later confirmed by doctor and specialist","helpful","Commenter says ChatGPT suggested a genetic disorder, doctor initially dismissed it, and a year later both doctor and specialist diagnosed it.","Direct permalink and condition name missing. Strong delayed-confirmation case.","rare disease; genetic disorder; clinician dismissal; delayed confirmation","candidate"
"LHA-047","public thread comment","Reddit r/ChatGPT","2025-10-24","https://www.reddit.com/r/ChatGPT/comments/1oesnix/chatgpt_diagnosed_me_after_20_years/","family caregiver comment","ChatGPT","dermatology / fungal infection","Finding treatment option for persistent toenail fungus","helpful","Commenter says wife had toenail fungus for three years despite usual advice/meds and ChatGPT suggested a treatment the doctor had not heard of.","Sparse clinical detail and likely treatment advice risk. Needs direct permalink.","toenail fungus; treatment suggestion; medication; caregiver","include_with_caution"
"LHA-048","public post","Reddit r/ChatGPT","2025-06-03","https://www.reddit.com/r/ChatGPT/comments/1l21goz","first-person user","ChatGPT","mental health / anxiety / panic","Venting, grounding, and avoiding panic attacks when therapy is inaccessible","helpful","User says ChatGPT helps them stay grounded, avoid panic attacks, clear brain fog, and need it less over time while also studying self-regulation.","Good mental health support case with access barrier explicitly stated.","anxiety; panic; grounding; therapy access; emotional regulation","include"
"LHA-049","public thread comment","Reddit r/ChatGPT","2025-06-03","https://www.reddit.com/r/ChatGPT/comments/1l21goz","first-person user comment","GPT-4o","mental health / depression / self-harm","Using story development with GPT-4o as escape from depression and self-harm urges","mixed_helpful_with_risk","Commenter says creating stories in GPT-4o helped with depression and self-harm desires, but a model change removed that coping method and they resumed self-harm.","Very sensitive; paraphrase only. Important dependence/model-instability case.","depression; self-harm; model instability; coping dependency; creative escape","include_with_caution"
"LHA-050","public thread comment","Reddit r/ChatGPT","2025-06-03","https://www.reddit.com/r/ChatGPT/comments/1l21goz","first-person user comment","ChatGPT","mental health / OCD / rumination","Using ChatGPT to discharge spiraling thoughts instead of overburdening people","helpful","Commenter with OCD/rumination says sending thoughts to ChatGPT helps them return to baseline in 5-10 minutes and rely less on loved ones.","Needs distinction from reassurance-compulsion risk; useful positive counterpart to OCD harm cases.","OCD; rumination; grounding; relationship burden; emotional regulation","include"
"LHA-051","public post","Reddit r/Anxiety","2024-12-17","https://www.reddit.com/r/Anxiety/comments/1hg0qq8","first-person user","ChatGPT","mental health / anxiety / eating disorder / trauma","Venting and reframing food, body image, and diet-culture beliefs","helpful","User says ChatGPT helped with anxiety crisis, eating disorder relapse, trauma-related body image, and recognizing ED distortions more than therapy did.","Sensitive ED content; code as perceived support, not treatment.","anxiety; eating disorder; trauma; body image; psychoeducation","include"
"LHA-052","public post","Reddit r/ChatGPT","2025-05-09","https://www.reddit.com/r/ChatGPT/comments/1kifell","first-person user","ChatGPT","mental health / depression / suicidal thoughts","Disclosing long-hidden depression and suicidal thoughts to an AI","helpful_with_risk","User says an extended ChatGPT conversation about depression and suicidal thoughts felt relieving and helped them think about family and support systems.","Crisis-related; paraphrase only and treat as high-risk domain.","depression; suicidal ideation; disclosure; emotional relief; crisis risk","include_with_caution"
"LHA-053","public post","Reddit r/ChatGPT","2025-04-29","https://www.reddit.com/r/ChatGPT/comments/1kalae8/chatgpt_induced_psychosis/","partner / caregiver first-person","ChatGPT","mental health / psychosis or mania","Partner describing chatbot-entangled psychotic or manic episode","harmful_or_unhelpful","OP describes concern that partner's ChatGPT use became entangled with delusional or manic thinking; update says family/friends were contacted and partner agreed to counseling.","Rich harm case but thread contains jokes and sensitive details. Direct quotes should be avoided.","psychosis; mania; partner caregiver; delusional reinforcement; counseling","include"
"LHA-054","public post","Reddit r/ChatGPT","2025-06-30","https://www.reddit.com/r/ChatGPT/comments/1lo3yc9","first-person patient / practitioner","ChatGPT","mental health / mania / psychosis","Reflecting on ChatGPT amplifying a manic episode","harmful_or_unhelpful","Poster with lived experience says ChatGPT was present during a manic episode and may amplify tone, symbolism, and delusional feedback loops in vulnerable users.","Analytic/theoretical first-person account, not a simple outcome story. Useful for harm mechanism.","mania; psychosis; feedback loop; symbolic amplification; voice mode","include"
"LHA-055","public post","Reddit r/Psychosis","2025-11-19","https://www.reddit.com/r/Psychosis/comments/1p0u5c2/chatgptinduced_acute_psychosis_during/","first-person patient","ChatGPT","mental health / acute psychosis","Using ChatGPT as therapist during psychological processing before acute psychosis","harmful","User reports an acute psychotic episode after intensive ChatGPT use for therapeutic processing, hospitalization, medication treatment, and later depression/fog.","High sensitivity; do not quote identifying content. Important case for psychotherapeutic-interaction risk.","psychosis; AI therapy; hospitalization; medication; sycophancy; confusion","include_with_caution"
"LHA-056","public post","Reddit r/OCD","2025-05-25","https://www.reddit.com/r/OCD/comments/1kv38jc","first-person user plus peer responses","ChatGPT","mental health / OCD","Reassurance seeking through ChatGPT worsening intrusive thoughts","harmful_or_unhelpful","OP and commenters discuss ChatGPT as 24/7 reassurance source that can worsen OCD compulsions; OP says they started using it because reassurance seeking strained family.","Good domain-specific harm case; thread consensus aligns with OCD reassurance mechanism.","OCD; reassurance seeking; compulsion; family burden; worsening symptoms","include"
"LHA-057","public post","Reddit r/ChatGPT","2025-06-28","https://www.reddit.com/r/ChatGPT/comments/1lmxntk/i_experienced_chatgpt_psychosis_so_you_dont_have/","first-person user","ChatGPT","mental health / psychosis-like experience","Exploring AI consciousness and then sliding into psychosis-like interpretation patterns","harmful_or_unhelpful","User says sustained exploration of ChatGPT consciousness and coincidences led to a serious rabbit hole they describe as ChatGPT psychosis.","Needs careful handling; not necessarily clinical diagnosis. Useful for anthropomorphism/consciousness theme.","anthropomorphism; AI consciousness; psychosis-like; coincidence seeking; warning story","include_with_caution"
"LHA-058","public post","Reddit r/ChatGPT","2025-06-07","https://www.reddit.com/r/ChatGPT/comments/1l5bh5j","first-person patient","ChatGPT","metabolic / liver disease / spinal cord injury follow-up","Pattern recognition across hospital records after spinal cord injury and ER visits","helpful","User says ChatGPT recognized patterns in hospital records, flagged metabolic disorder and liver issues noted but not communicated, leading doctor to order scan/blood tests and diagnose metabolic syndrome and stage 4 liver fibrosis.","Strong records-translation and missed-information case; claims serious and self-reported.","medical records; liver fibrosis; metabolic syndrome; missed communication; spinal cord injury","include"
"LHA-059","public thread comment","Reddit r/ChatGPT","2024-06-06","https://www.reddit.com/r/ChatGPT/comments/1d9hqxq","first-person patient comment","ChatGPT-4.0","infectious disease / EBV reactivation","Identifying that prior EBV tests did not assess current viral activity","helpful","Commenter says ChatGPT explained that earlier EBV tests only showed past infection, suggested Early Antigen testing, and high results plus antiviral treatment were followed by major improvement.","Direct permalink needed. Strong testing-interpretation example.","EBV; lab interpretation; wrong test; antiviral; chronic symptoms","candidate"
"LHA-060","public thread comment","Reddit r/ChatGPT","2024-06-06","https://www.reddit.com/r/ChatGPT/comments/1d9hqxq","first-person patient comment","ChatGPT","neurology / multiple sclerosis / CIS","Interpreting EMG/MRI reports and suspecting MS/CIS before doctor explanation","helpful","Commenter says ChatGPT helped interpret test results and anticipate MS/CIS after months of numbness and delayed testing, before doctor clarified results.","Direct permalink needed; useful patient-portal interpretation case.","MS; CIS; MRI; EMG; patient portal; delayed explanation","candidate"
"LHA-061","public thread comment","Reddit r/ChatGPT","2024-06-06","https://www.reddit.com/r/ChatGPT/comments/1d9hqxq","first-person patient comment","ChatGPT","fertility / lab report interpretation","Understanding semen analysis before doctor appointment","helpful","Commenter says ChatGPT analyzed a semen-analysis report and gave the same information their doctor later gave a week later.","Sparse but relevant to lab-report translation and waiting-period anxiety.","fertility; semen analysis; lab interpretation; appointment waiting","include"
"LHA-062","public thread comment","Reddit r/ChatGPT","2025-04-28","https://www.reddit.com/r/ChatGPT/comments/1k9l99m/uploaded_last_10_years_of_medical_lab_results_to/","caregiver / sibling","ChatGPT","oncology / end-of-life care","Daily lab and medication interpretation during terminal cancer","helpful","Commenter says uploading brother's terminal-cancer labs, changes, and medications helped family understand the situation and what to expect, including terminal-stage transition.","Sensitive bereavement context; direct permalink needed; very strong health-literacy/palliative-care case.","terminal cancer; palliative care; caregiver; lab trends; medication explanation","candidate"
"LHA-063","public thread comment","Reddit r/ChatGPT","2025-04-28","https://www.reddit.com/r/ChatGPT/comments/1k9l99m/uploaded_last_10_years_of_medical_lab_results_to/","first-person patient comment","ChatGPT / NotebookLM","oncology survivorship / endocrine side effects","Using AI to manage complex side effects after experimental cancer treatment","helpful","Stage 4 cancer survivor describes using AI and NotebookLM with documents, diaries, and graphs for time-consuming health-management tasks amid severe side effects.","Not a specific intervention/outcome, but useful complex self-management case.","cancer survivorship; side effects; insulin; NotebookLM; patient records","candidate"
"LHA-064","public thread comment","Reddit r/ChatGPT","2026-02-11","https://www.reddit.com/r/ChatGPT/comments/1r2arl6/gpt_is_goated_as_a_doctor/","first-person patient comment","ChatGPT","cardiovascular / blood pressure / stress","Understanding stress as a major blood-pressure driver","helpful","Commenter says ChatGPT helped lower blood pressure by explaining stress as a major contributor in a way doctors had not made understandable.","Sparse but good communication-mediated behavior change example.","blood pressure; stress; explanation; behavior change","include"
"LHA-065","public thread comment","Reddit r/ChatGPT","2026-02-11","https://www.reddit.com/r/ChatGPT/comments/1r2arl6/gpt_is_goated_as_a_doctor/","first-person patient comment","ChatGPT","breast imaging / cyst anxiety","Interpreting mammogram/sonogram features while awaiting clinician callback","helpful","Commenter says ChatGPT helped interpret whether a breast imaging finding sounded more like cyst versus cancer before clinician callback confirmed cyst.","Very sensitive and based on user-described imaging appearance; code as anxiety reduction, not diagnosis.","breast imaging; cyst; cancer anxiety; waiting period; explanation","include_with_caution"
"LHA-066","public thread comment","Reddit r/ChatGPT","2026-02-11","https://www.reddit.com/r/ChatGPT/comments/1r2arl6/gpt_is_goated_as_a_doctor/","first-person patient comment","ChatGPT","medication safety / endocrine","Medication timing advice for levothyroxine and iron was dangerously wrong","harmful_or_unhelpful","Commenter reports ChatGPT advised taking iron one hour after levothyroxine, despite known interaction requiring a longer separation; they recognized it because they already knew the issue.","Important near-miss medication-safety case.","medication interaction; levothyroxine; iron; unsafe advice; near miss","include"
"LHA-067","public thread comment","Reddit r/ChatGPT","2026-02-11","https://www.reddit.com/r/ChatGPT/comments/1r2arl6/gpt_is_goated_as_a_doctor/","family caregiver comment","ChatGPT","geriatric / reflux / sleep-disrupting cough","Identifying silent reflux as possible cause of chronic nocturnal phlegm/cough","helpful","Commenter says their 80+ father had years of nighttime phlegm/cough despite multiple doctor attempts; ChatGPT suggested silent reflux and OTC medication reportedly resolved the problem.","Direct permalink needed and OTC medication details absent. Code as caregiver hypothesis and symptom relief.","geriatric; silent reflux; cough; sleep; OTC medication","candidate"
"LHA-068","public thread comment","Reddit r/ChatGPT","2025-06-04","https://www.reddit.com/r/ChatGPT/comments/1l2ojdb/chatgpt_summaries_of_medical_visits_are_amazing/","first-person patient comment","ChatGPT","nutrition support / medical neglect / TPN","Interpreting notes and gaining confidence to change doctors to obtain TPN","helpful","Commenter says ChatGPT helped break down doctors' notes, identify negligence, and build confidence to leave a care team; new doctor and insurance approval for TPN followed within weeks.","Serious claim; direct permalink needed. Strong care-navigation/system-gap case.","TPN; malnutrition; medical notes; care transition; advocacy","candidate"
"LHA-069","public thread comment","Reddit r/ChatGPT","2025-06-04","https://www.reddit.com/r/ChatGPT/comments/1l2ojdb/chatgpt_summaries_of_medical_visits_are_amazing/","first-person patient comment","ChatGPT","musculoskeletal / herniated disc / physical therapy","Explaining scan summary and adapting PT exercises during flare-ups","helpful","Commenter says ChatGPT explained a herniated-disk scan summary and later suggested exercises based on PT recommendations and original diagnosis, helping flare-ups resolve quickly.","Needs direct permalink; potential treatment-advice risk but tied to clinician/PT plan.","herniated disk; scan report; physical therapy; exercise adaptation; flare-ups","candidate"
"LHA-070","public thread comment","Reddit r/ChatGPT","2025-07-14","https://www.reddit.com/r/ChatGPT/comments/1lzy17b","first-person patient comment","ChatGPT","medication allergy / asthma / contraception / diet","Finding dairy-free medication alternatives and allergy-safe recipes","helpful","Commenter with serious dairy and multiple food allergies says ChatGPT helped find alternative medications and recipes after GP would not change dairy-containing inhaler/medications.","Needs direct permalink and medication verification. Important accessibility/allergy case.","allergy; medication excipients; asthma inhaler; dairy; recipes; GP refusal","candidate"
"LHA-071","news report","Fox News / Kennedy News","2025-04-24","https://www.foxnews.com/health/woman-says-chatgpt-saved-her-life-helping-detect-cancer-which-doctors-missed","reported first-person patient anecdote","ChatGPT","thyroid / oncology / autoimmune","Asking what mimics rheumatoid arthritis after negative testing and unexplained symptoms","helpful","Lauren Bannon reportedly used ChatGPT to identify Hashimoto's disease as a possibility; TPO antibody testing led to thyroid ultrasound and cancer diagnosis, followed by thyroid surgery.","Duplicate media variants exist; keep one record for Lauren Bannon and cite highest-quality/source-diverse versions.","Hashimoto's; thyroid cancer; rheumatoid arthritis mimic; TPO antibody; self-advocacy","include"
"LHA-072","official blog / patient story","OpenAI Academy","2026-02-26","https://academy.openai.com/en/home/blogs/when-answers-ran-out-she-asked-chatgpt-cancer-thyroid-2026-02-26","reported first-person patient anecdote","ChatGPT","thyroid / oncology / autoimmune","Spotting autoimmune thyroid clue and pushing for thyroid antibody testing","helpful","OpenAI Academy recounts Lauren Bannon's case with more detail: elevated TPO antibodies, Hashimoto's-like autoimmune finding, scan, biopsy-confirmed thyroid cancer, thyroid removal, lymph-node surgery, and radioactive iodine.","Same underlying case as LHA-071; use for detail but mark as company-mediated source.","Hashimoto's; thyroid cancer; company-mediated; antibody testing; advocacy","duplicate_context"
"LHA-073","news report","NBC Right Now / SWNS","2026-02-19","https://www.nbcrightnow.com/lifestyles/health/chatgpt-helped-this-woman-figure-out-she-had-cancer/article_79ffeeb6-95b4-5172-8191-5fe3b7baf1ab.html","reported first-person patient anecdote","ChatGPT","thyroid / oncology / medical-record interpretation","Decoding early-released MyChart report after neck lump removal","helpful","Pippa Collins-Gould reportedly pasted medical results into ChatGPT, which interpreted the report as thyroid cancer before consultant confirmation.","Media-mediated but distinct from Lauren Bannon: record interpretation rather than symptom diagnosis.","thyroid cancer; MyChart; pathology/report interpretation; waiting period","include"
"LHA-074","news report","Business Insider","2025-06","https://www.businessinsider.com/openai-cmo-kate-rouch-breast-cancer-diagnosis-chatgpt-helped-2025-6","reported first-person patient anecdote","ChatGPT","breast cancer / oncology support","Explaining cancer to children, managing chemo side effects, and tailored meditations","helpful","Kate Rouch reportedly described ChatGPT helping her navigate invasive breast cancer by simplifying medical information for her children, managing chemotherapy side effects, and creating meditations.","Conflict/affiliation context: OpenAI executive using OpenAI product. Still relevant as public first-person account.","breast cancer; chemo side effects; family communication; meditation; company-affiliated","include_with_caution"
"LHA-075","news report","NPR / WFDD","2026-01-30","https://www.wfdd.org/national/2026-01-30/chatgpt-saved-my-life-how-patients-and-doctors-are-using-ai-to-make-a-diagnosis","reported first-person patient anecdote","AI chatbot / ChatGPT implied","oncology / renal and pancreatic neuroendocrine tumors","Managing cancer symptoms, triggers, treatment options, and test-result translation","helpful","Burt Rosen reportedly uses AI to manage symptoms and treatment for two cancers, translate test results, track correlations, and turn doctor visits into action-planning sessions.","Good mature patient-use case; not a one-time miracle diagnosis.","cancer; chronic management; symptom tracking; test translation; appointment planning","include"
"LHA-076","news report","NPR / WFDD","2026-01-30","https://www.wfdd.org/national/2026-01-30/chatgpt-saved-my-life-how-patients-and-doctors-are-using-ai-to-make-a-diagnosis","reported clinician anecdote","ChatGPT","oncology / unsafe treatment advice","AI suggested ivermectin for treatable testicular cancer","harmful_or_unhelpful","Robert Wachter recounts a case where AI advised a patient to try ivermectin for testicular cancer, with the real risk being delayed appropriate treatment.","Not first-person patient source but important expert-reported harm case. Include as contextual anecdote or separate clinician-reported category.","testicular cancer; ivermectin; unsafe self-treatment; delayed care risk; clinician-reported","include_with_caution"
"LHA-077","personal column","Lupus News Today","2024-11-25","https://lupusnewstoday.com/columns/how-chatgpt-helped-me-prepare-doctor-appointment/","first-person patient","ChatGPT","lupus / appointment preparation","Preparing for a doctor's appointment during lupus journey","helpful","Candace J. Semien describes using ChatGPT as an artificial companion to prepare for a medical appointment and navigate lupus-related questions.","Need full article review for exact use/outcome before final coding, but source is disease-specific and first-person.","lupus; appointment prep; chronic illness; artificial companion","include"
"LHA-078","public post","Reddit r/cfs","2026-04-24","https://www.reddit.com/r/cfs/comments/1sumxfw/chatgpt_did_more_than_15_years_of_drs/","first-person patient","ChatGPT","chronic fatigue / dysautonomia / endocrine","Synthesizing 15-year post-viral illness history into central dysautonomia/HPA-axis hypothesis","helpful","User says ChatGPT connected viral encephalitis, POTS/autonomic dysfunction, endocrine clues, MRI notes, low cortisol and ACTH, leading to renewed endocrinology and neurology workup.","Recent post; needs follow-up after stim tests. Rich diagnostic-odyssey case.","CFS; dysautonomia; POTS; HPA axis; low cortisol; MRI notes","include_with_caution"
"LHA-079","public comment","Hacker News","2023-04-29","https://news.ycombinator.com/item?id=35753601","first-person patient","GPT-4","unknown chronic illness / possible autoimmune","Dumping medical history, doctor notes, labs, and symptoms into GPT-4 for hypothesis generation","helpful","HN commenter with unknown chronic illness says GPT-4 identified hypotheses, suggested HLA-B27 testing, and helped infer whether a marker could be checked from genome data.","Good early 2023 non-Reddit tech-community anecdote; outcome still pending in account.","chronic illness; GPT-4; HLA-B27; genome data; hypothesis generation","include"
"LHA-080","personal essay","Medium","2025-06-15","https://janheinemeyer.medium.com/the-overlooked-chemistry-of-trauma-a-research-based-exploration-of-histamine-and-flashbacks-7c3536d28428","first-person patient","ChatGPT deep search","trauma / anxiety / chronic symptoms / MCAS hypothesis","Research-supported self-experimentation around histamine, MCAS, and trauma flashbacks","helpful","Author says ChatGPT-supported literature exploration helped connect MCAS/histamine and trauma-related flashbacks in a way matching their experience and healing.","Not a diagnosis story; more self-research and mechanistic sensemaking. Needs caution.","trauma; MCAS; histamine; flashbacks; literature search; self-experimentation","include_with_caution"
"LHA-081","public app review","Apple App Store","2026-03-ish","https://apps.apple.com/us/app/juno-chronic-illness-support/id6749455368?l=ko","first-person patient review","Juno chronic illness support AI","chronic illness / invisible illness","AI companion for ER/specialist prep, validation, wording symptoms, pacing energy","helpful","Reviewer says a chronic-illness AI support friend helps them prep for ER/specialists, find words, explain daily impact, manage flare-ups, and pace energy.","Not necessarily LLM confirmed but chatbot-like chronic illness support; app-store review source requires careful treatment.","chronic illness; ER prep; symptom wording; pacing; validation; app review","candidate"
"LHA-082","public thread comment","Reddit r/ChatGPT","2025-08-25","https://www.reddit.com/r/ChatGPT/comments/1mzg6gl/has_chatgpt_ever_helped_you_solve_a_serious/","first-person patient comment","ChatGPT","long COVID / mast cell disorder / anaphylaxis","Connecting post-COVID allergic reactions to mast cell disorder and immunology referral","helpful","Commenter says ChatGPT linked new food reactions and anaphylaxis after COVID to mast cell disorders; immunologist later diagnosed a mast cell disorder.","Direct permalink needed. Strong specialist-referral case.","long COVID; mast cell disorder; anaphylaxis; immunology referral; diagnosis confirmation","candidate"
"LHA-083","public thread comment","Reddit r/ChatGPT","2025-08-25","https://www.reddit.com/r/ChatGPT/comments/1mzg6gl/has_chatgpt_ever_helped_you_solve_a_serious/","first-person patient comment","ChatGPT","allergies / medication adverse effects","Timing supplements/OTC interventions around circadian allergy patterns","helpful","Commenter says allergist/naturopaths did not help and montelukast caused suicidality; ChatGPT identified timing around circadian rhythm as key to allergy management.","Potentially risky supplement/OTC advice; direct permalink needed.","allergies; circadian rhythm; montelukast adverse effect; supplement timing; self-management","include_with_caution"
"LHA-084","public thread comment","Reddit r/ChatGPT","2025-08-25","https://www.reddit.com/r/ChatGPT/comments/1mzg6gl/has_chatgpt_ever_helped_you_solve_a_serious/","first-person patient comment","ChatGPT","hypertension / endocrine / primary aldosteronism","Analyzing years of labs and symptoms after resistant high blood pressure","helpful","Commenter says ChatGPT independently supported suspicion of primary aldosteronism; retesting under correct conditions confirmed diagnosis, adrenal tumor removal followed, and symptoms improved.","Direct permalink needed. Strong clinician-confirmed endocrine case.","primary aldosteronism; adrenal tumor; resistant hypertension; low potassium; kidney disease","candidate"
"LHA-085","public thread comment","Reddit r/ChatGPT","2025-08-25","https://www.reddit.com/r/ChatGPT/comments/1mzg6gl/has_chatgpt_ever_helped_you_solve_a_serious/","first-person patient comment","ChatGPT","long COVID / chronic fatigue syndrome","Daily chronic-illness navigation after medical trauma","helpful","Commenter says ChatGPT has been more helpful than doctors for navigating long COVID/CFS day to day after feeling gaslit by clinicians.","Sparse but useful system-gap/chronic-care account.","long COVID; CFS; medical trauma; gaslighting; daily management","include"
"LHA-086","public post","Reddit r/OpenAI","2026-04-17","https://www.reddit.com/r/OpenAI/comments/1so40l4/asked_chatgpt_pro_to_read_my_sleep_study_it/","first-person patient","ChatGPT Pro","sleep medicine / possible UARS","Interpreting polysomnography report before ENT appointment","mixed_helpful_with_uncertainty","User says ChatGPT Pro analyzed sleep-study event logs and REM/positional patterns, suggested repeat conditions and possible UARS angle; ENT gave brief review and nasal spray that did not help.","Useful contrast between deep report interpretation and unresolved clinical management.","sleep study; UARS; OSA; ENT; report interpretation; unresolved","include"
"LHA-087","public thread comment","Reddit r/OpenAI","2026-04-18","https://www.reddit.com/r/OpenAI/comments/1so40l4/asked_chatgpt_pro_to_read_my_sleep_study_it/","caregiver / friend comment","ChatGPT","sleep medicine / UARS","Reinterpreting a friend's sleep-study summary as severe UARS","helpful","Commenter says ChatGPT interpreted one-page sleep report as severe UARS after sleep clinic minimized moderate apnea/no significant concern.","Direct permalink needed; not clinician-confirmed in account.","sleep study; UARS; sleep fragmentation; caregiver/friend; report interpretation","candidate"
"LHA-088","public post","Reddit r/ChatGPT","2026-03-14","https://www.reddit.com/r/ChatGPT/comments/1rtgafu/chatgpt_just_helped_me_name_a_condition_ive_had/","first-person patient","ChatGPT","ENT / Frey's syndrome","Naming cheek sweating/leaking while eating after childhood neck surgery","helpful","User says ChatGPT identified Frey's syndrome after years of symptoms and prior doctor uncertainty/ear drops suggestion; user reports condition fits prior neck surgery and may be treatable with Botox.","Diagnosis not yet clinician-confirmed in post; useful naming/health-literacy case.","Frey's syndrome; ENT; surgical nerve injury; symptom naming; Botox","include_with_caution"
"LHA-089","public thread comment","Reddit r/ChatGPT","2026-03-14","https://www.reddit.com/r/ChatGPT/comments/1rtgafu/chatgpt_just_helped_me_name_a_condition_ive_had/","first-person patient comment","ChatGPT","respiratory / laryngospasm","Identifying laryngospasm after frightening coughing-related breathing episodes","helpful","Commenter says ChatGPT helped identify laryngospasm after hospital checks found only residual chest infection, gave strategies, and reassured them after repeated episodes.","Direct permalink needed; symptom-management advice risk.","laryngospasm; cough; breathing episode; reassurance; strategy","candidate"
"LHA-090","public thread comment","Reddit r/ChatGPT","2026-03-14","https://www.reddit.com/r/ChatGPT/comments/1rtgafu/chatgpt_just_helped_me_name_a_condition_ive_had/","first-person patient comment","ChatGPT","endocrine / thyroid nodules / imaging report","Translating neck MRI, ultrasound, and biopsy sequence for thyroid nodules","helpful","Commenter says ChatGPT explained incidental enlarged thyroid/nodules found on MRI, then helped them understand ultrasound and biopsy steps; nodules were benign.","Direct permalink needed; strong report-translation case.","thyroid nodules; MRI; ultrasound; biopsy; benign; report translation","candidate"
"LHA-091","public thread comment","Reddit r/ChatGPT","2026-03-14","https://www.reddit.com/r/ChatGPT/comments/1rtgafu/chatgpt_just_helped_me_name_a_condition_ive_had/","caregiver / spouse comment","ChatGPT","medical report interpretation","Summarizing wife's medical test reports for non-medical reader","helpful","Commenter says ChatGPT summarized a series of partly redacted medical reports into plain English for a college-educated non-medical reader and the result was excellent.","Sparse but good caregiver health-literacy record.","caregiver; report summary; plain English; health literacy","include"
"LHA-092","public thread comment","Reddit r/ChatGPT","2025-12-18","https://www.reddit.com/r/ChatGPT/comments/1ppflew/i_didnt_totally_trust_chatgpt_for_medical_advice/","first-person patient comment","ChatGPT","obstetrics / HELLP syndrome / liver abnormalities","Flagging possible HELLP syndrome after postpartum/delivery-related symptoms","helpful","Commenter says ChatGPT made them realize symptoms could be more serious, prompting additional tests; later liver abnormalities were attributed to HELLP syndrome.","Direct permalink needed; timeline unclear but strong high-risk obstetric example.","HELLP; pregnancy/postpartum; liver abnormalities; urgent testing","candidate"
"LHA-093","public thread comment","Reddit r/ChatGPT","2025-12-18","https://www.reddit.com/r/ChatGPT/comments/1ppflew/i_didnt_totally_trust_chatgpt_for_medical_advice/","first-person patient comment","ChatGPT","colorectal / oncology","Escalating bright-red rectal bleeding despite user's initial reassurance","helpful","Commenter says ChatGPT advised that bright-red rectal bleeding could still be serious; appointment led to early rectal cancer diagnosis before spread.","Direct permalink needed. High-impact but sparse.","rectal cancer; bleeding; care-seeking; early diagnosis; triage","candidate"
"LHA-094","public thread comment","Reddit r/ChatGPT","2025-12-18","https://www.reddit.com/r/ChatGPT/comments/1ppflew/i_didnt_totally_trust_chatgpt_for_medical_advice/","first-person patient comment","ChatGPT","neurology / symptom tracking","Preparing neurologist follow-up discussion list from symptom/reaction tracking","helpful","Commenter says ChatGPT compiled symptoms and reactions into an excellent discussion list for neurologist, who ordered extra tests based on it.","Direct comment permalink needed. Appointment-amplifier case.","neurology; symptom tracking; appointment prep; extra tests; clinician collaboration","candidate"
"LHA-095","public thread comment","Reddit r/ChatGPT","2025-12-18","https://www.reddit.com/r/ChatGPT/comments/1ppflew/i_didnt_totally_trust_chatgpt_for_medical_advice/","first-person patient comment","ChatGPT","orthopedics / cervical spine","Suggesting C5/C6 issue for neck/arm pain and tingling later confirmed by imaging","helpful","Commenter says ChatGPT identified possible C5/6 spine issue after urgent care misdiagnosis; imaging at orthopedics confirmed.","Direct comment permalink needed.","cervical spine; radiculopathy; imaging confirmation; urgent care misdiagnosis","candidate"
"LHA-096","patient forum","Mayo Clinic Connect","2026-01-12","https://connect.mayoclinic.org/discussion/questions-to-ask-oncologist-on-first-visit/","peer-support comment","AI assistant / ChatGPT implied","oncology / bladder cancer","Generating structured questions for first oncologist visit","mixed_helpful_with_uncertainty","A forum participant shared an AI-generated question framework for muscle-invasive bladder cancer; recipient thanked them, and moderator identified likely AI assistance.","Not first-person outcome but useful patient-community diffusion of AI-generated appointment prep; risk of overly specific recurrence statistics.","bladder cancer; appointment prep; peer support; AI-generated questions; oncology","candidate"
"LHA-097","patient forum","Mayo Clinic Connect","2025-12-14","https://connect.mayoclinic.org/discussion/postop-pathology-to-chatgpt-asked-about-bcr-anyone-done-this/","first-person patient","ChatGPT","oncology / prostate cancer / pathology","Interpreting post-op pathology and biochemical recurrence thresholds","mixed_helpful_with_uncertainty","Patient pasted prostate-cancer pathology details into ChatGPT, which suggested very early PSA thresholds for radiation/ADT discussion given high-risk features.","High-stakes treatment timing advice; include as uncertainty/risk case, not as validated recommendation.","prostate cancer; pathology; recurrence; salvage radiation; ADT; high-stakes advice","include_with_caution"
"LHA-098","patient forum","Mayo Clinic Connect","2025-ish","https://connect.mayoclinic.org/discussion/diet-is-supposed-to-help-many-things/","first-person patient","ChatGPT / AI","osteoporosis / cancer history / diet","Using remembered health history to research diet and confusing health questions","helpful","Forum user says AI remembers osteoporosis and cancer history, making confusing health research more helpful, while acknowledging it should not replace medical team.","Good privacy/memory tradeoff example.","osteoporosis; cancer history; diet; memory; privacy; research assistant","include"
"LHA-099","patient forum","Mayo Clinic Connect","2025-ish","https://connect.mayoclinic.org/discussion/question-about-how-you-each-received-your-diagnosis-of-mpn/","peer/patient forum comment","ChatGPT","hematology / myeloproliferative neoplasm","Entering lab, blood, bone marrow results, and technical questions into ChatGPT","helpful","Forum user advises that they often ask ChatGPT technical questions using lab, blood, and bone marrow results while discussing rare blood diseases and second opinions.","Not a concrete outcome, but relevant to rare disease information-seeking norms.","MPN; blood disease; bone marrow results; technical questions; second opinion","candidate"
"LHA-100","patient forum","Mayo Clinic Connect","2025-11-20","https://connect.mayoclinic.org/discussion/biopsy-decision/","peer advice / cautionary experience","ChatGPT / Gemini","oncology / biopsy decision support","Using AI to generate questions but warning that sources may not support answers","mixed_helpful_with_uncertainty","Forum participant says ChatGPT can help fish for information and questions, but in their experience sources often fail to support generated claims; recommends verification and trusting oncology team/second opinions.","Not a personal health outcome, but important patient-community norm-setting around AI verification.","oncology; biopsy; verification; hallucinated sources; question generation","include"
